Feature1,Feature2,Feature3,Target
0.4967141530112327,0.10867406849743233,0.8523550950632828,1
-0.13826430117118466,3.3767929205821643,2.818833280940261,1
0.6476885381006925,5.18323429551895,-3.7971351476382824,1
1.5230298564080254,3.54869789082672,0.12593847338114172,1
-0.23415337472333597,-0.27905494893102034,-2.301285138243654,1
-0.23413695694918055,1.273648890700623,-1.974250767529392,1
1.5792128155073915,3.900366723779934,-2.1847878484777383,1
0.7674347291529088,0.938495801571829,-2.7279815393596323,0
-0.4694743859349521,2.6657291422193428,-0.902956744110346,1
0.5425600435859647,3.1619510801440054,-2.6619002328220756,1
-0.46341769281246226,0.6096042926328755,-0.45908634844032237,1
-0.46572975357025687,1.9107119659073,-1.100476218898274,1
0.24196227156603412,-2.861901010103609,-1.4778960937328196,0
-1.913280244657798,0.46341853799856514,-2.8151273240831958,1
-1.7249178325130328,1.6211477729102595,-2.1535426611366653,1
-0.5622875292409727,0.12832522705272575,0.510782451651512,1
-1.0128311203344238,4.448616955897453,0.0018343752487615106,1
0.3142473325952739,-0.14521206694094912,-2.955110489597102,0
-0.9080240755212109,1.3399332699545243,-0.8013353891415482,1
-1.4123037013352915,2.196110865929137,0.5027742467435781,1
1.465648768921554,4.161909933599173,-4.3388105622427435,1
-0.22577630048653566,-0.1537932267691593,0.0867203847598701,0
0.06752820468792384,3.7447456282324394,-2.325247517891693,1
-1.4247481862134568,2.0153495915293806,0.14119733718631866,1
-0.5443827245251827,0.5277370234280736,-2.5265183130850337,1
0.11092258970986608,2.693155211394906,-4.609764201329038,1
-1.1509935774223028,2.298589543360205,-4.255084875766325,1
0.37569801834567196,1.099674684261808,-0.9038301066772361,1
-0.600638689918805,2.1047031274850285,-0.48055499655703626,1
-0.2916937497932768,1.4220296047073597,-2.808633250208817,1
-0.6017066122293969,2.170276017876872,0.27718491755474783,1
1.8522781845089378,2.99319601178157,-4.32304012453792,1
-0.013497224737933921,4.379025224218028,-1.1321595972946332,1
-1.0577109289559004,0.14327675175972643,-3.4220323995249133,1
0.822544912103189,5.1995500619844,-2.303672215604318,1
-1.2208436499710222,-0.9281316992837527,-0.905202657367172,0
0.2088635950047554,1.7723223574466251,-2.7208267305679046,1
-1.9596701238797756,2.8824758097268646,-1.7691110884596508,1
-1.3281860488984305,2.4214878016025487,1.012585618428881,0
0.19686123586912352,1.0659507202691092,-2.1537837390462977,1
0.7384665799954104,1.6878166244640873,0.6713842241302836,0
0.1713682811899705,1.260498598011751,-3.259413709315236,1
-0.11564828238824053,1.1159528645836827,0.05960835583056556,0
-0.3011036955892888,3.274403145531537,1.8831372413158007,0
-1.4785219903674274,2.535523228947571,-5.943289000254579,1
-0.7198442083947086,0.9606356071090187,-2.593790510940954,1
-0.4606387709597875,3.3493998131498763,0.15414425436108004,1
1.0571222262189157,2.460949281314914,-1.4060907720859854,0
0.3436182895684614,3.2192931782584404,-0.25770825325738234,0
-1.763040155362734,2.9444432628854185,-2.207970373431641,1
0.324083969394795,0.7565074836168915,-0.8268204250542002,0
-0.38508228041631654,1.1597284397045455,-1.311354470784159,0
-0.6769220003059587,3.120940407684893,1.3355641233196147,1
0.6116762888408679,2.915555398150197,-0.49115831339757376,1
1.030999522495951,1.968647609053778,-0.32479467584959565,0
0.9312801191161986,2.175991074963173,-1.8237539322449348,1
-0.8392175232226385,3.9164973436826376,-1.975212448144987,1
-0.3092123758512146,1.112642916746255,-1.865116375639242,1
0.33126343140356396,2.820646071755057,-0.2110957152434063,0
0.9755451271223592,1.696711021349159,-1.841968961640526,0
-0.47917423784528995,1.6734781951591695,-0.4204502862071742,0
-0.18565897666381712,3.648165277980785,3.1508015972908776,1
-1.1063349740060282,3.238124523482045,0.7422494068633847,0
-1.1962066240806708,3.220264454000958,-1.6520470643356822,0
0.812525822394198,3.9582182107314936,1.4024278443278897,1
1.356240028570823,2.0315057624491386,-1.8161507460431028,1
-0.07201012158033385,3.022929456942446,-5.076249070355708,1
1.0035328978920242,1.5345998651098158,-3.016172621834808,1
0.36163602504763415,2.486249528732663,-4.741583842051711,1
-0.6451197546051243,1.804785418448473,-1.7030269680826173,1
0.36139560550841393,2.1454939474890775,-0.9631632416208966,1
1.5380365664659692,2.8927355381553705,2.3528746245505654,1
-0.03582603910995154,0.7726689751497913,-0.3461452524716747,1
1.5646436558140062,5.13858091352819,-1.4382010576177284,1
-2.6197451040897444,0.490973927750447,0.6588111623669783,0
0.8219025043752238,0.17871708081840176,-5.42227061801577,1
0.08704706823817122,3.737166310250102,-0.5287708837828682,1
-0.29900735046586746,3.187494040944404,0.5417303877739337,1
0.0917607765355023,2.9361797255782327,-3.957172491559683,1
-1.9875689146008928,2.94251826389642,1.2875080864138582,1
-0.21967188783751193,1.981629840729628,-0.32300718501117176,0
0.3571125715117464,0.6541184427712528,-1.8305758278016024,1
1.477894044741516,2.1137068372905894,0.2655637322125697,1
-0.5182702182736474,0.9842574327318325,3.541385715608792,0
-0.8084936028931876,3.4626796001266267,-0.6362674898830096,0
-0.5017570435845365,1.779413927746792,-0.5035588273993279,1
0.9154021177020741,0.7617542048112327,-1.9187217990804881,0
0.32875110965968446,1.5179212375205098,-2.6996887389295834,1
-0.5297602037670388,2.6193971814134365,0.6606716330884912,0
0.5132674331133561,1.154413170794038,-2.7121676518177344,0
0.09707754934804039,0.7666694066503528,-0.856867525561215,0
0.9686449905328892,2.3655308172378686,-1.9553148935302334,1
-0.7020530938773524,2.367449856663084,-0.042040348507216274,0
-0.3276621465977682,1.2395852369433054,-0.33267578942610343,1
-0.39210815313215763,1.293442541572516,1.0750798885157984,1
-1.4635149481321186,2.3480749060364543,-2.020032797709494,1
0.29612027706457605,-0.17212651224598607,-1.5397498705867425,0
0.26105527217988933,-0.11119566156483263,-2.957527431564615,0
0.00511345664246089,0.9223336681213459,-1.8885865201522232,0
-0.23458713337514692,1.679829272432229,-0.24539901391029562,1
-1.4153707420504142,2.466361348397007,0.5139772332907038,1
-0.42064532276535904,4.213034325424328,-2.8443306483552506,1
-0.3427145165267695,3.286489434803029,0.7392118402113204,1
-0.8022772692216189,1.7600922050548593,1.7112757176099018,1
-0.16128571166600914,1.9714756881459667,-0.1731301935525983,1
0.4040508568145384,0.49620595304328674,2.753591625116132,0
1.8861859012105302,1.972230296011415,-2.547578398207146,1
0.17457781283183896,1.5670120416197926,-3.489309406622834,1
0.25755039072276437,2.484077840507134,-4.557440497808557,1
-0.07444591576616721,0.7591535846715156,1.992088622978366,1
-1.9187712152990415,2.7790197713617584,0.3087313127081155,0
-0.026513875449216878,4.299108369503866,-1.11116934182091,1
0.06023020994102644,1.8368597773147135,-0.44006274736035944,1
2.463242112485286,2.6025675831484123,-3.250978094596753,1
-0.19236096478112252,3.035215987566669,3.8915039592336527,1
0.30154734233361247,1.3981692921712456,-0.741557636049545,0
-0.03471176970524331,2.336138722715625,-0.7812104107902142,1
-1.168678037619532,2.018888601172692,0.4515332477973839,1
1.1428228145150205,2.1465141478232477,-0.037981536526573545,1
0.7519330326867741,0.8404853242168002,-0.5522319514417373,0
0.7910319470430469,2.036765261388414,-2.5809489108906236,0
-0.9093874547947389,2.746997436868175,-0.05706328572800856,1
1.4027943109360992,4.176715411692562,2.7640489929500673,1
-1.4018510627922809,3.4389062391278102,1.6908400923099554,1
0.5868570938002703,5.229773686267334,2.186373253278794,0
2.1904556258099785,0.8489786556679257,-2.0224313528623705,1
-0.9905363251306883,3.3084809550810172,-2.979209640517162,0
-0.5662977296027719,2.2750130086075275,-1.2515738401992964,1
0.09965136508764122,5.284704399826508,-0.8885501754226108,1
-0.5034756541161992,0.7875525719672729,1.188383036941897,1
-1.5506634310661327,0.740417236728836,-4.384929259429638,1
0.06856297480602733,1.1009110318339668,2.0591006389212274,1
-1.0623037137261049,-1.1858435864647103,-1.316015797157979,0
0.4735924306351816,1.2113674674788584,-1.85376213989484,1
-0.9194242342338032,0.8613010076694532,-3.024208750520335,0
1.5499344050175394,2.2255906797143115,-4.309713343731539,1
-0.7832532923362371,2.5126339636657393,0.6463411679238291,1
-0.3220615162056756,4.814256258823829,-0.8533640656231922,0
0.8135172173696698,3.4256357572790757,-3.5799217994821078,1
-1.2308643164339552,1.1346445165063954,-3.590157544127232,0
0.22745993460412942,0.6523779929774631,-1.6715693985802564,0
1.307142754282428,2.7378787572597587,2.338043050578786,1
-1.6074832345612275,0.01965018946903685,-1.5191827027272096,0
0.1846338585323042,4.747188148781531,-4.006285906236212,1
0.25988279424842353,3.7691601810819306,-1.4914861281718887,1
0.7818228717773104,1.2962365218429428,-1.5454471394953408,1
-1.236950710878082,-0.569701793636316,-6.393773285883143,0
-1.3204566130842763,4.0308085612481195,-1.1085897330356245,1
0.5219415656168976,1.8281902321210732,-1.4618690604173559,1
0.29698467323318606,3.8567244679601926,0.3924127296268367,1
0.25049285034587654,-0.39164148819155065,2.6979121898906904,0
0.3464482094969757,1.1009374655693407,1.2531300590955148,1
-0.6800247215784908,2.0078655495772746,-1.5377773811096611,1
0.23225369716100355,2.070470890647113,-3.2130518174833407,0
0.29307247329868125,1.3249017927811346,4.146719606499721,1
-0.7143514180263678,2.934274898521248,-0.8815631319710235,1
1.8657745111447566,0.3985693559261083,-0.9721414161741075,0
0.4738329209117875,1.7864307724680597,-1.0482501742200065,0
-1.1913034972026486,2.1804434475678485,-0.60383047846429,0
0.6565536086338297,2.7716582510881236,-1.2887208238478849,1
-0.9746816702273214,3.067422317133335,-2.1473240137604725,1
0.787084603742452,0.31303686224319627,-2.0937178824807843,1
1.158595579007404,-0.30117125610343365,-1.0655065404319968,1
-0.8206823183517105,3.9165152328477637,-2.08684954226753,1
0.9633761292443218,2.4984710179693876,-2.4256915653543287,1
0.4127809269364983,0.8772701951651696,-0.7871395446162064,1
0.82206015999449,4.326727963283784,-1.5099544348417107,1
1.8967929826539474,2.1735119514392878,2.007985977165377,1
-0.2453881160028705,3.7689457760957397,-6.301939616786024,1
-0.7537361643574896,2.1012777221151633,1.1830137038449235,1
-0.8895144296255233,5.091121887322981,1.4921703849952581,1
-0.8158102849654383,4.633011263664807,-5.146780464816299,1
-0.0771017094141042,1.6265537772813898,-1.6853751881606975,0
0.3411519748166439,3.457356426431533,-1.742881731991583,1
0.27669079933001905,2.9680639243777214,-3.8150233894356425,1
0.8271832490360238,4.052947336298523,-2.555633375181751,1
0.01300189187790702,0.5526148091298433,-3.2211516909316575,0
1.4535340771573169,3.029077189997659,2.5045408868472454,1
-0.2646568332379561,3.5876367302743817,0.8713567862949223,1
2.720169166589619,-0.6381092296346713,1.5431101899883175,1
0.6256673477650062,0.22511223100133737,0.4433441280864703,1
-0.8571575564162826,-1.058848266640151,-3.2581035424344584,1
-1.0708924980611123,1.5958897483331633,-2.0490405325595473,0
0.4824724152431853,3.0763133836939436,-0.021250877544163882,1
-0.2234627853258509,4.253535578144042,-3.4442556177838908,1
0.714000494092092,2.111142170629663,0.42599686034477613,0
0.47323762457354485,4.442923318356938,-1.48065079631627,1
-0.07282891265687277,-0.07015218732233697,-1.7496416150991951,0
-0.846793718068405,-0.5550736590327321,0.421919936406983,1
-1.5148472246858646,1.916678451655072,-0.11147337702792048,0
-0.4465149520670211,2.576098173408961,-1.7219323316381598,1
0.8563987943234723,1.9509578778588603,1.3186596067284961,0
0.21409374413020396,-1.101163150059815,-3.1621266551997946,1
-1.245738778711988,1.8663199407308173,0.2318712138885275,0
0.173180925851182,0.04329574924272017,0.1862025159367675,0
0.3853173797288368,3.0045088232450574,-1.6190928786279806,1
-0.883857436201133,2.549897369145272,-0.347733955515764,0
0.1537251059455279,0.5901803205089671,-3.502227152770606,1
0.058208718445999896,1.2291996239949596,0.848054038413802,1
-1.142970297830623,0.41117971716657253,-1.369804272885978,0
0.3577873603482833,1.9059813540902422,-2.045446041038079,1
0.5607845263682344,3.4327134807518576,1.0980184516737785,1
1.083051243175277,0.5214109304966845,-2.4086873810855183,0
1.053802052034903,2.7560697732767667,-3.8169225927271193,1
-1.377669367957091,1.204613572441339,-4.1132583470478075,1
-0.9378250399151228,0.8106907516064839,0.21201990269127924,1
0.5150352672086598,1.8394544600681633,-3.560858704992566,1
0.5137859509122088,0.4471365163709389,2.5095883639687293,1
0.5150476863060479,1.169526041979227,-5.163858815767444,1
3.852731490654721,0.20318316111672718,2.3929127365800764,1
0.570890510693167,4.947087699374584,-0.5779650655947632,1
1.135565640180599,2.052895327957593,-1.1934262237407847,1
0.9540017634932023,0.9504117380111217,-2.0898381736178995,1
0.651391251305798,2.320969866101333,-0.20172777129585828,1
-0.3152692446403456,1.8315079254637552,-1.0752694048496967,0
0.7589692204932674,1.6685456007001656,1.206603764033043,1
-0.7728252145375718,2.921250050065138,-0.7715447026759207,0
-0.23681860674000887,3.1362615650709578,-0.6993964770762449,1
-0.48536354782910346,1.2042482785842088,-1.7272244244277117,1
0.08187413938632256,1.13627263903298,-1.113891247442135,0
2.3146585666735087,1.587422454272534,-0.38439646221588164,1
-1.867265192591748,-1.452881747103377,-4.420336785313252,1
0.6862601903745135,-0.2727865932978286,-3.696370844211426,1
-1.6127158711896517,4.050311401166788,0.48652818804542997,1
-0.47193186578943347,4.467451570251925,-0.6582691237441163,1
1.088950596967366,1.6264459406654326,-1.3679666727053583,1
0.06428001909546277,2.8648354445836497,-0.9631321338692137,1
-1.0777447779293061,2.466875231815304,-0.3048365892766579,1
-0.7153037092599682,6.618321212682856,-2.079519360618723,1
0.6795977489346758,3.679362367151865,-2.5566094508046255,1
-0.7303666317171367,1.8081236127788503,-0.6083094898046368,1
0.21645858958197486,0.5666893390993613,-2.9567455552300643,0
0.045571839903813784,-0.40966948038635875,-0.18349448857105632,1
-0.6516003476058171,2.3051954538008346,-4.405167208475681,0
2.1439440893253257,0.865473882073545,1.0583112746512873,0
0.6339190223180112,-0.13338056439651114,-0.054805035173913996,1
-2.025142586657607,1.0301406736362102,-0.4879405313722487,0
0.18645431476942764,0.37767799457840745,0.9653819678910278,1
-0.661786464768388,4.530712452608848,2.3309488889251533,1
0.852433334796224,3.3224596354241758,1.0287401300362609,1
-0.7925207384327007,1.988041038025074,-4.681748462663291,1
-0.11473644146689901,4.2199162083350386,-3.559153933471403,1
0.5049872789804571,2.1160524614714276,-2.2496371553913574,1
0.8657551941701215,0.7080736980076046,-0.9478178995783324,1
-1.2002964070557762,4.284686115904486,0.03531804093824609,1
-0.3345012358409484,2.808365065526988,-2.451487626306931,0
-0.4749453111609562,0.4441307685103153,-0.6264664710458434,1
-0.6533292325737119,1.7144919828745877,-2.510765864706645,1
1.7654542402810969,0.6865726199228641,-2.2230356059838963,1
0.40498171096095553,-0.07419959644650387,-3.8133221936964445,0
